match_id,map_id,map_name,team1_id,team1_name,team1_map_score,team2_id,team2_name,team2_map_score,map_winner_id,map_winner_name,round_difference
2396947,7,Inferno,11283,Falcons,13,5995,G2,6,11283,Falcons,7
2396947,4,Dust2,11283,Falcons,13,5995,G2,9,11283,Falcons,4
2396938,4,Dust2,11283,Falcons,13,12468,Legacy,6,11283,Falcons,7
2396938,3,Ancient,11283,Falcons,10,12468,Legacy,13,12468,Legacy,3
2396938,6,Mirage,11283,Falcons,13,12468,Legacy,6,11283,Falcons,7
2396930,7,Inferno,11283,Falcons,13,8840,Lynn Vision,4,11283,Falcons,9
2396930,4,Dust2,11283,Falcons,13,8840,Lynn Vision,9,11283,Falcons,4
2396930,3,Ancient,11283,Falcons,10,8840,Lynn Vision,13,8840,Lynn Vision,3
2396609,6,Mirage,11283,Falcons,7,12468,Legacy,13,12468,Legacy,6
2396609,4,Dust2,11283,Falcons,10,12468,Legacy,13,12468,Legacy,3
2396604,7,Inferno,11283,Falcons,13,6248,The MongolZ,3,11283,Falcons,10
2396604,4,Dust2,11283,Falcons,13,6248,The MongolZ,9,11283,Falcons,4
2396579,4,Dust2,11283,Falcons,13,6665,Astralis,11,11283,Falcons,2
2396579,3,Ancient,11283,Falcons,13,6665,Astralis,7,11283,Falcons,6
2396563,4,Dust2,11283,Falcons,13,12895,K27,6,11283,Falcons,7
2396005,1,Anubis,11283,Falcons,11,8474,100 Thieves,13,8474,100 Thieves,2
2396005,4,Dust2,11283,Falcons,7,8474,100 Thieves,13,8474,100 Thieves,6
2396005,5,Nuke,11283,Falcons,13,8474,100 Thieves,4,11283,Falcons,9
2395002,6,Mirage,11283,Falcons,13,8297,FURIA,8,11283,Falcons,5
2395002,7,Inferno,11283,Falcons,13,8297,FURIA,8,11283,Falcons,5
2395002,1,Anubis,11283,Falcons,13,8297,FURIA,8,11283,Falcons,5
2394999,1,Anubis,11283,Falcons,13,9565,Vitality,11,11283,Falcons,2
2394999,4,Dust2,11283,Falcons,13,9565,Vitality,11,11283,Falcons,2
2394999,7,Inferno,11283,Falcons,11,9565,Vitality,13,9565,Vitality,2
2394991,4,Dust2,11283,Falcons,13,4608,Natus Vincere,3,11283,Falcons,10
2394991,1,Anubis,11283,Falcons,19,4608,Natus Vincere,16,11283,Falcons,3
2394991,6,Mirage,11283,Falcons,7,4608,Natus Vincere,13,4608,Natus Vincere,6
2394975,3,Ancient,11283,Falcons,10,12394,BetBoom,13,12394,BetBoom,3
2394975,5,Nuke,11283,Falcons,11,12394,BetBoom,13,12394,BetBoom,2
2394899,3,Ancient,11283,Falcons,16,5995,G2,13,11283,Falcons,3
2394899,4,Dust2,11283,Falcons,13,5995,G2,8,11283,Falcons,5
2394899,7,Inferno,11283,Falcons,10,5995,G2,13,5995,G2,3
2394228,4,Dust2,11283,Falcons,6,12468,Legacy,13,12468,Legacy,7
2394228,6,Mirage,11283,Falcons,6,12468,Legacy,13,12468,Legacy,7
2394228,3,Ancient,11283,Falcons,9,12468,Legacy,13,12468,Legacy,4
2394228,5,Nuke,11283,Falcons,13,12468,Legacy,11,11283,Falcons,2
2394219,4,Dust2,11283,Falcons,13,12468,Legacy,7,11283,Falcons,6
2394219,3,Ancient,11283,Falcons,13,12468,Legacy,9,11283,Falcons,4
2394208,3,Ancient,11283,Falcons,13,12376,M80,11,11283,Falcons,2
2394208,7,Inferno,11283,Falcons,19,12376,M80,15,11283,Falcons,4
2394154,3,Ancient,11283,Falcons,13,13592,magic,7,11283,Falcons,6
2394154,4,Dust2,11283,Falcons,13,13592,magic,5,11283,Falcons,8
2394152,6,Mirage,11283,Falcons,9,8297,FURIA,13,8297,FURIA,4
2394152,4,Dust2,11283,Falcons,19,8297,FURIA,17,11283,Falcons,2
2394152,5,Nuke,11283,Falcons,22,8297,FURIA,20,11283,Falcons,2
2394142,4,Dust2,11283,Falcons,13,6248,The MongolZ,8,11283,Falcons,5
2394142,6,Mirage,11283,Falcons,16,6248,The MongolZ,12,11283,Falcons,4
2394142,7,Inferno,11283,Falcons,11,6248,The MongolZ,13,6248,The MongolZ,2
2394130,5,Nuke,11283,Falcons,8,9996,9z,13,9996,9z,5
2394130,4,Dust2,11283,Falcons,1,9996,9z,13,9996,9z,12
2394130,6,Mirage,11283,Falcons,13,9996,9z,9,11283,Falcons,4
2396934,4,Dust2,8297,FURIA,13,12376,M80,5,8297,FURIA,8
2396934,11,Cache,8297,FURIA,16,12376,M80,13,8297,FURIA,3
2396926,11,Cache,8297,FURIA,13,4773,paiN,6,8297,FURIA,7
2396926,6,Mirage,8297,FURIA,13,4773,paiN,2,8297,FURIA,11
2396607,3,Ancient,8297,FURIA,13,5995,G2,3,8297,FURIA,10
2396607,4,Dust2,8297,FURIA,13,5995,G2,4,8297,FURIA,9
2396607,1,Anubis,8297,FURIA,3,5995,G2,13,5995,G2,10
2396600,3,Ancient,8297,FURIA,13,11861,Aurora,11,8297,FURIA,2
2396600,6,Mirage,8297,FURIA,13,11861,Aurora,9,8297,FURIA,4
2396600,5,Nuke,8297,FURIA,14,11861,Aurora,16,11861,Aurora,2
2396588,4,Dust2,8297,FURIA,13,9996,9z,6,8297,FURIA,7
2396588,5,Nuke,8297,FURIA,13,9996,9z,6,8297,FURIA,7
2396588,6,Mirage,8297,FURIA,13,9996,9z,16,9996,9z,3
2396574,7,Inferno,8297,FURIA,13,12257,Wildcard,10,8297,FURIA,3
2395000,4,Dust2,8297,FURIA,13,11861,Aurora,9,8297,FURIA,4
2395000,5,Nuke,8297,FURIA,13,11861,Aurora,4,8297,FURIA,9
2394997,4,Dust2,8297,FURIA,8,9996,9z,13,9996,9z,5
2394997,2,Overpass,8297,FURIA,13,9996,9z,6,8297,FURIA,7
2394997,6,Mirage,8297,FURIA,13,9996,9z,9,8297,FURIA,4
2394985,2,Overpass,8297,FURIA,13,12394,BetBoom,6,8297,FURIA,7
2394985,4,Dust2,8297,FURIA,13,12394,BetBoom,6,8297,FURIA,7
2394901,6,Mirage,8297,FURIA,13,11241,B8,10,8297,FURIA,3
2394901,7,Inferno,8297,FURIA,13,11241,B8,4,8297,FURIA,9
2394128,6,Mirage,8297,FURIA,13,7175,HEROIC,4,8297,FURIA,9
2394128,7,Inferno,8297,FURIA,13,7175,HEROIC,7,8297,FURIA,6
2393322,6,Mirage,8297,FURIA,10,9928,GamerLegion,13,9928,GamerLegion,3
2393322,5,Nuke,8297,FURIA,5,9928,GamerLegion,13,9928,GamerLegion,8
2393322,7,Inferno,8297,FURIA,13,9928,GamerLegion,5,8297,FURIA,8
2393335,5,Nuke,8297,FURIA,3,6667,FaZe,13,6667,FaZe,10
2393335,6,Mirage,8297,FURIA,13,6667,FaZe,7,8297,FURIA,6
2393335,4,Dust2,8297,FURIA,4,6667,FaZe,13,6667,FaZe,9
2393228,6,Mirage,8297,FURIA,3,4608,Natus Vincere,13,4608,Natus Vincere,10
2393228,5,Nuke,8297,FURIA,16,4608,Natus Vincere,13,8297,FURIA,3
2393228,4,Dust2,8297,FURIA,13,4608,Natus Vincere,4,8297,FURIA,9
2393085,6,Mirage,8297,FURIA,13,12426,Passion UA,7,8297,FURIA,6
2393085,7,Inferno,8297,FURIA,13,12426,Passion UA,3,8297,FURIA,10
2391763,6,Mirage,8297,FURIA,10,6673,NRG,13,6673,NRG,3
2391763,4,Dust2,8297,FURIA,13,6673,NRG,7,8297,FURIA,6
2391763,5,Nuke,8297,FURIA,13,6673,NRG,2,8297,FURIA,11
2391758,7,Inferno,8297,FURIA,6,11861,Aurora,13,11861,Aurora,7
2391758,4,Dust2,8297,FURIA,14,11861,Aurora,16,11861,Aurora,2
2390814,2,Overpass,8297,FURIA,13,4863,TYLOO,11,8297,FURIA,2
2390814,6,Mirage,8297,FURIA,13,4863,TYLOO,8,8297,FURIA,5
2391133,5,Nuke,8297,FURIA,4,6665,Astralis,13,6665,Astralis,9
2391133,7,Inferno,8297,FURIA,4,6665,Astralis,13,6665,Astralis,9
2391133,4,Dust2,8297,FURIA,13,6665,Astralis,9,8297,FURIA,4
2391130,7,Inferno,8297,FURIA,13,4773,paiN,6,8297,FURIA,7
2391130,4,Dust2,8297,FURIA,13,4773,paiN,8,8297,FURIA,5
2396942,5,Nuke,13286,FUT,13,13117,Inner Circle,6,13286,FUT,7
2396942,6,Mirage,13286,FUT,13,13117,Inner Circle,9,13286,FUT,4
2396937,3,Ancient,13286,FUT,13,8840,Lynn Vision,7,13286,FUT,6
2396937,1,Anubis,13286,FUT,13,8840,Lynn Vision,3,13286,FUT,10
2396937,4,Dust2,13286,FUT,10,8840,Lynn Vision,13,8840,Lynn Vision,3
2396929,3,Ancient,13286,FUT,10,12468,Legacy,13,12468,Legacy,3
2396929,4,Dust2,13286,FUT,11,12468,Legacy,13,12468,Legacy,2
2396611,3,Ancient,13286,FUT,13,8297,FURIA,11,13286,FUT,2
2396611,4,Dust2,13286,FUT,16,8297,FURIA,13,13286,FUT,3
2396611,5,Nuke,13286,FUT,6,8297,FURIA,13,8297,FURIA,7
2396601,3,Ancient,13286,FUT,9,13592,magic,13,13592,magic,4
2396601,6,Mirage,13286,FUT,13,13592,magic,8,13286,FUT,5
2396601,1,Anubis,13286,FUT,13,13592,magic,7,13286,FUT,6
2396569,6,Mirage,13286,FUT,13,4863,TYLOO,10,13286,FUT,3
2396009,4,Dust2,13286,FUT,11,4914,3DMAX,13,4914,3DMAX,2
2396009,3,Ancient,13286,FUT,9,4914,3DMAX,13,4914,3DMAX,4
2395997,4,Dust2,13286,FUT,6,10577,SINNERS,13,10577,SINNERS,7
2395997,6,Mirage,13286,FUT,13,10577,SINNERS,8,13286,FUT,5
2395997,3,Ancient,13286,FUT,13,10577,SINNERS,3,13286,FUT,10
2394994,4,Dust2,13286,FUT,7,12394,BetBoom,13,12394,BetBoom,6
2394994,6,Mirage,13286,FUT,7,12394,BetBoom,13,12394,BetBoom,6
2394980,3,Ancient,13286,FUT,13,11241,B8,11,13286,FUT,2
2394980,6,Mirage,13286,FUT,13,11241,B8,9,13286,FUT,4
2394980,4,Dust2,13286,FUT,10,11241,B8,13,11241,B8,3
2394973,2,Overpass,13286,FUT,5,5995,G2,13,5995,G2,8
2394973,6,Mirage,13286,FUT,9,5995,G2,13,5995,G2,4
2394973,3,Ancient,13286,FUT,13,5995,G2,6,13286,FUT,7
2394887,1,Anubis,13286,FUT,13,5995,G2,11,13286,FUT,2
2394887,3,Ancient,13286,FUT,13,5995,G2,4,13286,FUT,9
2394887,2,Overpass,13286,FUT,7,5995,G2,13,5995,G2,6
2394868,3,Ancient,13286,FUT,13,11241,B8,11,13286,FUT,2
2394873,2,Overpass,13286,FUT,13,4863,TYLOO,9,13286,FUT,4
2394165,2,Overpass,13286,FUT,11,11241,B8,13,11241,B8,2
2394165,3,Ancient,13286,FUT,7,11241,B8,13,11241,B8,6
2394158,5,Nuke,13286,FUT,8,4773,paiN,13,4773,paiN,5
2394158,4,Dust2,13286,FUT,11,4773,paiN,13,4773,paiN,2
2394158,2,Overpass,13286,FUT,13,4773,paiN,10,13286,FUT,3
2394111,2,Overpass,13286,FUT,13,6673,NRG,9,13286,FUT,4
2394111,3,Ancient,13286,FUT,16,6673,NRG,13,13286,FUT,3
2393333,6,Mirage,13286,FUT,5,6665,Astralis,13,6665,Astralis,8
2393333,5,Nuke,13286,FUT,10,6665,Astralis,13,6665,Astralis,3
2393046,6,Mirage,13286,FUT,13,6665,Astralis,5,13286,FUT,8
2393046,3,Ancient,13286,FUT,13,6665,Astralis,5,13286,FUT,8
2393046,4,Dust2,13286,FUT,13,6665,Astralis,3,13286,FUT,10
2393046,5,Nuke,13286,FUT,14,6665,Astralis,16,6665,Astralis,2
2393044,5,Nuke,13286,FUT,13,6248,The MongolZ,10,13286,FUT,3
2393044,6,Mirage,13286,FUT,16,6248,The MongolZ,14,13286,FUT,2
2396950,6,Mirage,4494,MOUZ,13,9565,Vitality,7,4494,MOUZ,6
2396950,4,Dust2,4494,MOUZ,13,9565,Vitality,11,4494,MOUZ,2
2396945,7,Inferno,4494,MOUZ,13,11283,Falcons,3,4494,MOUZ,10
2396945,3,Ancient,4494,MOUZ,13,11283,Falcons,6,4494,MOUZ,7
2396945,5,Nuke,4494,MOUZ,6,11283,Falcons,13,11283,Falcons,7
2396936,3,Ancient,4494,MOUZ,13,13117,Inner Circle,4,4494,MOUZ,9
2396936,6,Mirage,4494,MOUZ,13,13117,Inner Circle,5,4494,MOUZ,8
2396928,11,Cache,4494,MOUZ,13,9996,9z,4,4494,MOUZ,9
2396928,5,Nuke,4494,MOUZ,13,9996,9z,7,4494,MOUZ,6
2396608,4,Dust2,4494,MOUZ,13,13286,FUT,16,13286,FUT,3
2396608,3,Ancient,4494,MOUZ,5,13286,FUT,13,13286,FUT,8
2396602,6,Mirage,4494,MOUZ,13,9928,GamerLegion,11,4494,MOUZ,2
2396602,5,Nuke,4494,MOUZ,13,9928,GamerLegion,11,4494,MOUZ,2
2396602,3,Ancient,4494,MOUZ,19,9928,GamerLegion,22,9928,GamerLegion,3
2396595,7,Inferno,4494,MOUZ,13,12467,PARIVISION,10,4494,MOUZ,3
2396595,4,Dust2,4494,MOUZ,13,12467,PARIVISION,4,4494,MOUZ,9
2396584,6,Mirage,4494,MOUZ,11,13286,FUT,13,13286,FUT,2
2396584,5,Nuke,4494,MOUZ,16,13286,FUT,12,4494,MOUZ,4
2396584,3,Ancient,4494,MOUZ,6,13286,FUT,13,13286,FUT,7
2396570,4,Dust2,4494,MOUZ,13,8840,Lynn Vision,8,4494,MOUZ,5
2396019,3,Ancient,4494,MOUZ,6,6665,Astralis,13,6665,Astralis,7
2396019,4,Dust2,4494,MOUZ,13,6665,Astralis,9,4494,MOUZ,4
2396019,6,Mirage,4494,MOUZ,13,6665,Astralis,9,4494,MOUZ,4
2396017,4,Dust2,4494,MOUZ,10,4914,3DMAX,13,4914,3DMAX,3
2396017,7,Inferno,4494,MOUZ,13,4914,3DMAX,3,4494,MOUZ,10
2396017,5,Nuke,4494,MOUZ,22,4914,3DMAX,18,4494,MOUZ,4
2396011,4,Dust2,4494,MOUZ,13,13679,FOKUS,10,4494,MOUZ,3
2396011,6,Mirage,4494,MOUZ,13,13679,FOKUS,8,4494,MOUZ,5
2396002,3,Ancient,4494,MOUZ,13,13027,Nuclear TigeRES,6,4494,MOUZ,7
2396002,5,Nuke,4494,MOUZ,13,13027,Nuclear TigeRES,11,4494,MOUZ,2
2394987,3,Ancient,4494,MOUZ,11,13286,FUT,13,13286,FUT,2
2394987,6,Mirage,4494,MOUZ,7,13286,FUT,13,13286,FUT,6
2394987,5,Nuke,4494,MOUZ,13,13286,FUT,10,4494,MOUZ,3
2394983,4,Dust2,4494,MOUZ,13,9565,Vitality,7,4494,MOUZ,6
2394983,7,Inferno,4494,MOUZ,4,9565,Vitality,13,9565,Vitality,9
2394983,6,Mirage,4494,MOUZ,9,9565,Vitality,13,9565,Vitality,4
2394971,2,Overpass,4494,MOUZ,7,8297,FURIA,13,8297,FURIA,6
2394971,7,Inferno,4494,MOUZ,13,8297,FURIA,5,4494,MOUZ,8
2394971,5,Nuke,4494,MOUZ,5,8297,FURIA,13,8297,FURIA,8
2394905,4,Dust2,4494,MOUZ,13,12468,Legacy,5,4494,MOUZ,8
2394905,5,Nuke,4494,MOUZ,13,12468,Legacy,6,4494,MOUZ,7
2394227,3,Ancient,4494,MOUZ,13,9215,MIBR,1,4494,MOUZ,12
2394227,2,Overpass,4494,MOUZ,13,9215,MIBR,3,4494,MOUZ,10
2394225,6,Mirage,4494,MOUZ,13,11283,Falcons,7,4494,MOUZ,6
2394225,5,Nuke,4494,MOUZ,10,11283,Falcons,13,11283,Falcons,3
2394225,4,Dust2,4494,MOUZ,7,11283,Falcons,13,11283,Falcons,6
2394220,5,Nuke,4494,MOUZ,13,4773,paiN,4,4494,MOUZ,9
2394220,2,Overpass,4494,MOUZ,13,4773,paiN,7,4494,MOUZ,6
2396949,3,Ancient,7020,Spirit,13,11283,Falcons,11,7020,Spirit,2
2396949,5,Nuke,7020,Spirit,13,11283,Falcons,8,7020,Spirit,5
2396943,11,Cache,7020,Spirit,13,8297,FURIA,5,7020,Spirit,8
2396943,3,Ancient,7020,Spirit,13,8297,FURIA,10,7020,Spirit,3
2396932,4,Dust2,7020,Spirit,13,5995,G2,6,7020,Spirit,7
2396932,11,Cache,7020,Spirit,13,5995,G2,9,7020,Spirit,4
2396924,3,Ancient,7020,Spirit,13,13926,DENDELE,8,7020,Spirit,5
2396924,11,Cache,7020,Spirit,13,13926,DENDELE,7,7020,Spirit,6
2396614,11,Cache,7020,Spirit,10,13286,FUT,13,13286,FUT,3
2396614,5,Nuke,7020,Spirit,13,13286,FUT,5,7020,Spirit,8
2396614,3,Ancient,7020,Spirit,16,13286,FUT,14,7020,Spirit,2
2396614,1,Anubis,7020,Spirit,16,13286,FUT,13,7020,Spirit,3
2396612,4,Dust2,7020,Spirit,13,12468,Legacy,7,7020,Spirit,6
2396612,3,Ancient,7020,Spirit,13,12468,Legacy,9,7020,Spirit,4
2396610,1,Anubis,7020,Spirit,13,9565,Vitality,11,7020,Spirit,2
2396610,6,Mirage,7020,Spirit,13,9565,Vitality,3,7020,Spirit,10
2396610,5,Nuke,7020,Spirit,14,9565,Vitality,16,9565,Vitality,2
2396606,6,Mirage,7020,Spirit,13,11241,B8,9,7020,Spirit,4
2396606,4,Dust2,7020,Spirit,13,11241,B8,9,7020,Spirit,4
2396591,6,Mirage,7020,Spirit,13,7532,BIG,7,7020,Spirit,6
2396591,4,Dust2,7020,Spirit,13,7532,BIG,10,7020,Spirit,3
2396577,4,Dust2,7020,Spirit,19,6290,Luminosity,15,7020,Spirit,4
2396577,3,Ancient,7020,Spirit,13,6290,Luminosity,3,7020,Spirit,10
2396559,6,Mirage,7020,Spirit,10,10245,JiJieHao,13,10245,JiJieHao,3
2396021,4,Dust2,7020,Spirit,8,4494,MOUZ,13,4494,MOUZ,5
2396021,5,Nuke,7020,Spirit,10,4494,MOUZ,13,4494,MOUZ,3
2396021,3,Ancient,7020,Spirit,13,4494,MOUZ,9,7020,Spirit,4
2396021,6,Mirage,7020,Spirit,4,4494,MOUZ,13,4494,MOUZ,9
2396020,4,Dust2,7020,Spirit,13,6667,FaZe,6,7020,Spirit,7
2396020,1,Anubis,7020,Spirit,13,6667,FaZe,11,7020,Spirit,2
2396018,4,Dust2,7020,Spirit,13,5973,Liquid,7,7020,Spirit,6
2396018,1,Anubis,7020,Spirit,13,5973,Liquid,5,7020,Spirit,8
2396014,6,Mirage,7020,Spirit,4,8474,100 Thieves,13,8474,100 Thieves,9
2396014,4,Dust2,7020,Spirit,13,8474,100 Thieves,0,7020,Spirit,13
2396014,1,Anubis,7020,Spirit,13,8474,100 Thieves,11,7020,Spirit,2
2396006,3,Ancient,7020,Spirit,19,10503,OG,16,7020,Spirit,3
2396006,4,Dust2,7020,Spirit,11,10503,OG,13,10503,OG,2
2395001,4,Dust2,7020,Spirit,12,11283,Falcons,16,11283,Falcons,4
2395001,6,Mirage,7020,Spirit,13,11283,Falcons,8,7020,Spirit,5
2395001,1,Anubis,7020,Spirit,14,11283,Falcons,16,11283,Falcons,2
2394998,2,Overpass,7020,Spirit,9,5995,G2,13,5995,G2,4
2394998,6,Mirage,7020,Spirit,25,5995,G2,22,7020,Spirit,3
2394998,4,Dust2,7020,Spirit,16,5995,G2,14,7020,Spirit,2
2394986,2,Overpass,7020,Spirit,12,9996,9z,16,9996,9z,4
2394986,4,Dust2,7020,Spirit,16,9996,9z,14,7020,Spirit,2
2394986,6,Mirage,7020,Spirit,16,9996,9z,13,7020,Spirit,3
2394977,4,Dust2,7020,Spirit,9,11861,Aurora,13,11861,Aurora,4
2394977,5,Nuke,7020,Spirit,13,11861,Aurora,5,7020,Spirit,8
2394977,1,Anubis,7020,Spirit,13,11861,Aurora,4,7020,Spirit,9
2396948,5,Nuke,9565,Vitality,6,8297,FURIA,13,8297,FURIA,7
2396948,4,Dust2,9565,Vitality,13,8297,FURIA,4,9565,Vitality,9
2396948,11,Cache,9565,Vitality,13,8297,FURIA,11,9565,Vitality,2
2396946,1,Anubis,9565,Vitality,13,13286,FUT,7,9565,Vitality,6
2396946,4,Dust2,9565,Vitality,13,13286,FUT,8,9565,Vitality,5
2396941,5,Nuke,9565,Vitality,16,12468,Legacy,14,9565,Vitality,2
2396941,4,Dust2,9565,Vitality,13,12468,Legacy,8,9565,Vitality,5
2396941,6,Mirage,9565,Vitality,9,12468,Legacy,13,12468,Legacy,4
2396935,4,Dust2,9565,Vitality,13,9996,9z,2,9565,Vitality,11
2396935,5,Nuke,9565,Vitality,13,9996,9z,6,9565,Vitality,7
2396927,1,Anubis,9565,Vitality,8,13117,Inner Circle,13,13117,Inner Circle,5
2396927,11,Cache,9565,Vitality,13,13117,Inner Circle,16,13117,Inner Circle,3
2396605,4,Dust2,9565,Vitality,13,6667,FaZe,11,9565,Vitality,2
2396605,11,Cache,9565,Vitality,13,6667,FaZe,6,9565,Vitality,7
2396596,7,Inferno,9565,Vitality,13,8840,Lynn Vision,5,9565,Vitality,8
2396596,4,Dust2,9565,Vitality,13,8840,Lynn Vision,2,9565,Vitality,11
2396583,4,Dust2,9565,Vitality,4,11241,B8,13,11241,B8,9
2396583,7,Inferno,9565,Vitality,11,11241,B8,13,11241,B8,2
2396583,6,Mirage,9565,Vitality,16,11241,B8,12,9565,Vitality,4
2396567,5,Nuke,9565,Vitality,13,8474,100 Thieves,4,9565,Vitality,9
2396004,1,Anubis,9565,Vitality,10,5973,Liquid,13,5973,Liquid,3
2396004,5,Nuke,9565,Vitality,9,5973,Liquid,13,5973,Liquid,4
2394989,2,Overpass,9565,Vitality,13,12394,BetBoom,8,9565,Vitality,5
2394989,5,Nuke,9565,Vitality,13,12394,BetBoom,11,9565,Vitality,2
2394978,6,Mirage,9565,Vitality,9,9996,9z,13,9996,9z,4
2394978,4,Dust2,9565,Vitality,11,9996,9z,13,9996,9z,2
2394978,7,Inferno,9565,Vitality,13,9996,9z,4,9565,Vitality,9
2394898,5,Nuke,9565,Vitality,13,13286,FUT,8,9565,Vitality,5
2394898,2,Overpass,9565,Vitality,13,13286,FUT,2,9565,Vitality,11
2394898,1,Anubis,9565,Vitality,5,13286,FUT,13,13286,FUT,8
2394174,4,Dust2,9565,Vitality,13,4608,Natus Vincere,11,9565,Vitality,2
2394174,7,Inferno,9565,Vitality,3,4608,Natus Vincere,13,4608,Natus Vincere,10
2394174,1,Anubis,9565,Vitality,11,4608,Natus Vincere,13,4608,Natus Vincere,2
2394166,4,Dust2,9565,Vitality,13,6667,FaZe,5,9565,Vitality,8
2394166,5,Nuke,9565,Vitality,16,6667,FaZe,14,9565,Vitality,2
2394170,6,Mirage,9565,Vitality,13,11241,B8,5,9565,Vitality,8
2394170,4,Dust2,9565,Vitality,13,11241,B8,8,9565,Vitality,5
2394157,2,Overpass,9565,Vitality,13,12394,BetBoom,8,9565,Vitality,5
2394157,5,Nuke,9565,Vitality,8,12394,BetBoom,13,12394,BetBoom,5
2394157,1,Anubis,9565,Vitality,10,12394,BetBoom,13,12394,BetBoom,3
2394108,6,Mirage,9565,Vitality,13,12878,BC.Game,7,9565,Vitality,6
2394108,4,Dust2,9565,Vitality,13,12878,BC.Game,10,9565,Vitality,3
2393350,5,Nuke,9565,Vitality,16,4608,Natus Vincere,12,9565,Vitality,4
2393350,4,Dust2,9565,Vitality,13,4608,Natus Vincere,3,9565,Vitality,10
2393350,1,Anubis,9565,Vitality,13,4608,Natus Vincere,11,9565,Vitality,2
2393349,6,Mirage,9565,Vitality,13,9928,GamerLegion,1,9565,Vitality,12
2393349,2,Overpass,9565,Vitality,16,9928,GamerLegion,14,9565,Vitality,2
